Name	SMILES
NuBBE_1003 	Permeable
NuBBE_1004 	Permeable
NuBBE_1005 	Permeable
NuBBE_1006 	Permeable
NuBBE_1007 	Non-Permeable
NuBBE_1008 	Non-Permeable
NuBBE_1009 	Non-Permeable
NuBBE_100 	Non-Permeable
NuBBE_1010 	Permeable
NuBBE_1011 	Non-Permeable
NuBBE_1012 	Permeable
NuBBE_1013 	Non-Permeable
NuBBE_1014 	Permeable
NuBBE_1015 	Non-Permeable
NuBBE_1016 	Permeable
NuBBE_1017 	Permeable
NuBBE_1018 	Permeable
NuBBE_1019 	Permeable
NuBBE_101 	Non-Permeable
NuBBE_1020 	Permeable
NuBBE_1021 	Permeable
NuBBE_1022 	Non-Permeable
NuBBE_1023 	Permeable
NuBBE_1024 	Permeable
NuBBE_1025 	Permeable
NuBBE_1026 	Permeable
NuBBE_1027 	Permeable
NuBBE_1028 	Permeable
NuBBE_1029 	Non-Permeable
NuBBE_102 	Non-Permeable
NuBBE_1030 	Non-Permeable
NuBBE_1031 	Permeable
NuBBE_1032 	Permeable
NuBBE_1033 	Permeable
NuBBE_1034 	Permeable
NuBBE_1035 	Permeable
NuBBE_1036 	Permeable
NuBBE_1037 	Non-Permeable
NuBBE_1038 	Permeable
NuBBE_1039 	Non-Permeable
NuBBE_103 	Non-Permeable
NuBBE_1040 	Permeable
NuBBE_1041 	Permeable
NuBBE_1042 	Permeable
NuBBE_1043 	Permeable
NuBBE_1044 	Permeable
NuBBE_1045 	Permeable
NuBBE_1046 	Permeable
NuBBE_1047 	Permeable
NuBBE_1048 	Permeable
NuBBE_1049 	Permeable
NuBBE_104 	Non-Permeable
NuBBE_1050 	Permeable
NuBBE_1051 	Permeable
NuBBE_1052 	Permeable
NuBBE_1053 	Permeable
NuBBE_1054 	Permeable
NuBBE_1055 	Permeable
NuBBE_1056 	Permeable
NuBBE_1057 	Permeable
NuBBE_1058 	Permeable
NuBBE_1059 	Permeable
NuBBE_105 	Permeable
NuBBE_1060 	Permeable
NuBBE_1061 	Permeable
NuBBE_1062 	Non-Permeable
NuBBE_1063 	Permeable
NuBBE_1064 	Permeable
NuBBE_1065 	Permeable
NuBBE_1066 	Permeable
NuBBE_1067 	Permeable
NuBBE_1068 	Non-Permeable
NuBBE_1069 	Non-Permeable
NuBBE_106 	Non-Permeable
NuBBE_1070 	Permeable
NuBBE_1071 	Permeable
NuBBE_1072 	Permeable
NuBBE_1073 	Permeable
NuBBE_1074 	Non-Permeable
NuBBE_1075 	Non-Permeable
NuBBE_1076 	Non-Permeable
NuBBE_1077 	Non-Permeable
NuBBE_1078 	Non-Permeable
NuBBE_1079 	Non-Permeable
NuBBE_107 	Non-Permeable
NuBBE_1080 	Permeable
NuBBE_1081 	Permeable
NuBBE_1082 	Non-Permeable
NuBBE_1083 	Permeable
NuBBE_1084 	Permeable
NuBBE_1085 	Permeable
NuBBE_1086 	Permeable
NuBBE_1087 	Permeable
NuBBE_1088 	Permeable
NuBBE_1089 	Non-Permeable
NuBBE_108 	Non-Permeable
NuBBE_1090 	Permeable
NuBBE_1091 	Permeable
NuBBE_1092 	Permeable
NuBBE_1093 	Non-Permeable
NuBBE_1094 	Non-Permeable
NuBBE_1095 	Permeable
NuBBE_1096 	Permeable
NuBBE_1097 	Permeable
NuBBE_1098 	Permeable
NuBBE_1099 	Permeable
NuBBE_109 	Non-Permeable
NuBBE_10 	Permeable
NuBBE_1100 	Permeable
NuBBE_1101 	Permeable
NuBBE_1102 	Permeable
NuBBE_1103 	Permeable
NuBBE_1104 	Permeable
NuBBE_1105 	Permeable
NuBBE_1106 	Non-Permeable
NuBBE_1107 	Permeable
NuBBE_1108 	Permeable
NuBBE_1109 	Permeable
NuBBE_110 	Non-Permeable
NuBBE_1110 	Permeable
NuBBE_1111 	Non-Permeable
NuBBE_1112 	Permeable
NuBBE_1113 	Permeable
NuBBE_1114 	Non-Permeable
NuBBE_1115 	Non-Permeable
NuBBE_1116 	Non-Permeable
NuBBE_1117 	Permeable
NuBBE_1118 	Permeable
NuBBE_1119 	Permeable
NuBBE_111 	Non-Permeable
NuBBE_1120 	Permeable
NuBBE_1121 	Permeable
NuBBE_1126 	Non-Permeable
NuBBE_1127 	Non-Permeable
NuBBE_1128 	Permeable
NuBBE_1129 	Permeable
NuBBE_112 	Non-Permeable
NuBBE_1130 	Permeable
NuBBE_1131 	Permeable
NuBBE_1135 	Permeable
NuBBE_1136 	Permeable
NuBBE_1137 	Permeable
NuBBE_1138 	Permeable
NuBBE_1139 	Non-Permeable
NuBBE_113 	Non-Permeable
NuBBE_1140 	Permeable
NuBBE_1141 	Permeable
NuBBE_1142 	Permeable
NuBBE_1143 	Permeable
NuBBE_1144 	Permeable
NuBBE_1145 	Permeable
NuBBE_1146 	Permeable
NuBBE_1147 	Permeable
NuBBE_1148 	Permeable
NuBBE_1149 	Permeable
NuBBE_114 	Non-Permeable
NuBBE_1150 	Permeable
NuBBE_1151 	Permeable
NuBBE_1152 	Permeable
NuBBE_1153 	Permeable
NuBBE_1154 	Permeable
NuBBE_1155 	Permeable
NuBBE_1156 	Permeable
NuBBE_1157 	Permeable
NuBBE_1158 	Permeable
NuBBE_1159 	Permeable
NuBBE_115 	Non-Permeable
NuBBE_1160 	Permeable
NuBBE_1161 	Permeable
NuBBE_1162 	Permeable
NuBBE_1163 	Permeable
NuBBE_1164 	Permeable
NuBBE_1165 	Permeable
NuBBE_1166 	Non-Permeable
NuBBE_1167 	Non-Permeable
NuBBE_1168 	Permeable
NuBBE_1169 	Permeable
NuBBE_116 	Non-Permeable
NuBBE_1170 	Non-Permeable
NuBBE_1171 	Permeable
NuBBE_1172 	Non-Permeable
NuBBE_1173 	Permeable
NuBBE_1174 	Permeable
NuBBE_1175 	Permeable
NuBBE_1176 	Permeable
NuBBE_1177 	Permeable
NuBBE_1178 	Non-Permeable
NuBBE_1179 	Non-Permeable
NuBBE_117 	Non-Permeable
NuBBE_1180 	Permeable
NuBBE_1181 	Permeable
NuBBE_1182 	Non-Permeable
NuBBE_1183 	Permeable
NuBBE_1184 	Non-Permeable
NuBBE_1185 	Non-Permeable
NuBBE_1186 	Non-Permeable
NuBBE_1187 	Non-Permeable
NuBBE_1188 	Permeable
NuBBE_1189 	Non-Permeable
NuBBE_118 	Non-Permeable
NuBBE_1190 	Non-Permeable
NuBBE_1191 	Permeable
NuBBE_1192 	Permeable
NuBBE_1193 	Permeable
NuBBE_1194 	Non-Permeable
NuBBE_1195 	Permeable
NuBBE_1196 	Non-Permeable
NuBBE_1197 	Permeable
NuBBE_1198 	Permeable
NuBBE_1199 	Permeable
NuBBE_119 	Non-Permeable
NuBBE_11 	Non-Permeable
NuBBE_1200 	Non-Permeable
NuBBE_1201 	Permeable
NuBBE_1202 	Non-Permeable
NuBBE_1203 	Permeable
NuBBE_1204 	Permeable
NuBBE_1205 	Non-Permeable
NuBBE_1206 	Non-Permeable
NuBBE_1207 	Permeable
NuBBE_1208 	Non-Permeable
NuBBE_1209 	Permeable
NuBBE_120 	Non-Permeable
NuBBE_1210 	Permeable
NuBBE_1211 	Permeable
NuBBE_1212 	Permeable
NuBBE_1213 	Permeable
NuBBE_1214 	Permeable
NuBBE_1215 	Non-Permeable
NuBBE_1216 	Non-Permeable
NuBBE_1217 	Non-Permeable
NuBBE_1218 	Non-Permeable
NuBBE_1219 	Non-Permeable
NuBBE_121 	Non-Permeable
NuBBE_1220 	Non-Permeable
NuBBE_1221 	Non-Permeable
NuBBE_1222 	Non-Permeable
NuBBE_1223 	Non-Permeable
NuBBE_1224 	Non-Permeable
NuBBE_1225 	Non-Permeable
NuBBE_1226 	Non-Permeable
NuBBE_1227 	Permeable
NuBBE_1228 	Permeable
NuBBE_1229 	Permeable
NuBBE_122 	Non-Permeable
NuBBE_1230 	Permeable
NuBBE_1231 	Permeable
NuBBE_1232 	Non-Permeable
NuBBE_1234 	Permeable
NuBBE_1235 	Permeable
NuBBE_1236 	Non-Permeable
NuBBE_1237 	Permeable
NuBBE_1238 	Non-Permeable
NuBBE_1239 	Non-Permeable
NuBBE_123 	Non-Permeable
NuBBE_1240 	Permeable
NuBBE_1241 	Non-Permeable
NuBBE_1242 	Non-Permeable
NuBBE_1243 	Non-Permeable
NuBBE_1244 	Non-Permeable
NuBBE_1245 	Non-Permeable
NuBBE_1246 	Permeable
NuBBE_1247 	Non-Permeable
NuBBE_1248 	Non-Permeable
NuBBE_1249 	Non-Permeable
NuBBE_124 	Non-Permeable
NuBBE_1250 	Non-Permeable
NuBBE_1251 	Non-Permeable
NuBBE_1252 	Non-Permeable
NuBBE_1253 	Permeable
NuBBE_1254 	Permeable
NuBBE_1255 	Non-Permeable
NuBBE_1256 	Permeable
NuBBE_1257 	Permeable
NuBBE_1258 	Permeable
NuBBE_1259 	Non-Permeable
NuBBE_125 	Non-Permeable
NuBBE_1260 	Non-Permeable
NuBBE_1261 	Non-Permeable
NuBBE_1263 	Non-Permeable
NuBBE_1264 	Non-Permeable
NuBBE_1265 	Permeable
NuBBE_1266 	Non-Permeable
NuBBE_1267 	Non-Permeable
NuBBE_1268 	Non-Permeable
NuBBE_1269 	Non-Permeable
NuBBE_126 	Non-Permeable
NuBBE_1270 	Non-Permeable
NuBBE_1271 	Permeable
NuBBE_1272 	Permeable
NuBBE_1273 	Permeable
NuBBE_1274 	Permeable
NuBBE_1275 	Permeable
NuBBE_1276 	Permeable
NuBBE_1277 	Non-Permeable
NuBBE_1278 	Permeable
NuBBE_1279 	Non-Permeable
NuBBE_127 	Non-Permeable
NuBBE_1280 	Permeable
NuBBE_1281 	Permeable
NuBBE_1282 	Permeable
NuBBE_1283 	Non-Permeable
NuBBE_1284 	Non-Permeable
NuBBE_1285 	Non-Permeable
NuBBE_1286 	Permeable
NuBBE_1287 	Permeable
NuBBE_1288 	Permeable
NuBBE_1289 	Permeable
NuBBE_128 	Non-Permeable
NuBBE_1290 	Permeable
NuBBE_1291 	Permeable
NuBBE_1292 	Permeable
NuBBE_1293 	Permeable
NuBBE_1294 	Permeable
NuBBE_1295 	Permeable
NuBBE_1296 	Permeable
NuBBE_1297 	Permeable
NuBBE_1298 	Non-Permeable
NuBBE_1299 	Permeable
NuBBE_129 	Non-Permeable
NuBBE_12 	Permeable
NuBBE_1300 	Non-Permeable
NuBBE_1301 	Non-Permeable
NuBBE_1302 	Non-Permeable
NuBBE_1303 	Non-Permeable
NuBBE_1304 	Permeable
NuBBE_1305 	Non-Permeable
NuBBE_1306 	Non-Permeable
NuBBE_1307 	Non-Permeable
NuBBE_1308 	Non-Permeable
NuBBE_1309 	Non-Permeable
NuBBE_130 	Non-Permeable
NuBBE_1310 	Non-Permeable
NuBBE_1311 	Non-Permeable
NuBBE_1312 	Non-Permeable
NuBBE_1313 	Permeable
NuBBE_1314 	Permeable
NuBBE_1315 	Permeable
NuBBE_1316 	Permeable
NuBBE_1317 	Permeable
NuBBE_1318 	Permeable
NuBBE_1319 	Permeable
NuBBE_131 	Non-Permeable
NuBBE_1320 	Permeable
NuBBE_1321 	Permeable
NuBBE_1322 	Permeable
NuBBE_1323 	Permeable
NuBBE_1324 	Permeable
NuBBE_1325 	Non-Permeable
NuBBE_1326 	Permeable
NuBBE_1327 	Non-Permeable
NuBBE_1328 	Non-Permeable
NuBBE_1329 	Non-Permeable
NuBBE_132 	Non-Permeable
NuBBE_1330 	Non-Permeable
NuBBE_1331 	Permeable
NuBBE_1332 	Permeable
NuBBE_1333 	Non-Permeable
NuBBE_1334 	Permeable
NuBBE_1335 	Permeable
NuBBE_1336 	Permeable
NuBBE_1337 	Permeable
NuBBE_1338 	Permeable
NuBBE_1339 	Permeable
NuBBE_133 	Permeable
NuBBE_1340 	Permeable
NuBBE_1341 	Permeable
NuBBE_1342 	Permeable
NuBBE_1343 	Permeable
NuBBE_1344 	Permeable
NuBBE_1345 	Permeable
NuBBE_1346 	Permeable
NuBBE_1347 	Permeable
NuBBE_1348 	Non-Permeable
NuBBE_1349 	Permeable
NuBBE_134 	Non-Permeable
NuBBE_1350 	Permeable
NuBBE_1351 	Permeable
NuBBE_1352 	Permeable
NuBBE_1353 	Permeable
NuBBE_1354 	Permeable
NuBBE_1355 	Non-Permeable
NuBBE_1356 	Permeable
NuBBE_1357 	Non-Permeable
NuBBE_1358 	Permeable
NuBBE_1359 	Permeable
NuBBE_135 	Non-Permeable
NuBBE_1360 	Non-Permeable
NuBBE_1361 	Permeable
NuBBE_1362 	Permeable
NuBBE_1363 	Permeable
NuBBE_1364 	Non-Permeable
NuBBE_1365 	Permeable
NuBBE_1366 	Non-Permeable
NuBBE_1367 	Non-Permeable
NuBBE_1368 	Permeable
NuBBE_1369 	Permeable
NuBBE_136 	Non-Permeable
NuBBE_1370 	Permeable
NuBBE_1371 	Permeable
NuBBE_1372 	Non-Permeable
NuBBE_1373 	Permeable
NuBBE_1374 	Non-Permeable
NuBBE_1375 	Permeable
NuBBE_1376 	Permeable
NuBBE_1377 	Permeable
NuBBE_1378 	Permeable
NuBBE_1379 	Permeable
NuBBE_137 	Non-Permeable
NuBBE_1380 	Permeable
NuBBE_1381 	Permeable
NuBBE_1382 	Permeable
NuBBE_1383 	Permeable
NuBBE_1384 	Permeable
NuBBE_1385 	Permeable
NuBBE_1386 	Permeable
NuBBE_1387 	Permeable
NuBBE_1388 	Permeable
NuBBE_1389 	Permeable
NuBBE_138 	Non-Permeable
NuBBE_1392 	Permeable
NuBBE_1394 	Permeable
NuBBE_1395 	Non-Permeable
NuBBE_1396 	Permeable
NuBBE_1397 	Permeable
NuBBE_1398 	Permeable
NuBBE_1399 	Permeable
NuBBE_139 	Non-Permeable
NuBBE_13 	Permeable
NuBBE_1400 	Permeable
NuBBE_1401 	Permeable
NuBBE_1403 	Permeable
NuBBE_1404 	Permeable
NuBBE_1405 	Permeable
NuBBE_1406 	Permeable
NuBBE_1407 	Non-Permeable
NuBBE_1408 	Non-Permeable
NuBBE_1409 	Permeable
NuBBE_1410 	Non-Permeable
NuBBE_1411 	Permeable
NuBBE_1412 	Permeable
NuBBE_1413 	Non-Permeable
NuBBE_1414 	Permeable
NuBBE_1415 	Permeable
NuBBE_1416 	Permeable
NuBBE_1417 	Permeable
NuBBE_1418 	Permeable
NuBBE_1419 	Permeable
NuBBE_141 	Non-Permeable
NuBBE_1420 	Permeable
NuBBE_1421 	Permeable
NuBBE_1422 	Permeable
NuBBE_1423 	Permeable
NuBBE_1424 	Permeable
NuBBE_1426 	Permeable
NuBBE_1427 	Permeable
NuBBE_1428 	Permeable
NuBBE_1429 	Permeable
NuBBE_142 	Non-Permeable
NuBBE_1430 	Permeable
NuBBE_1431 	Permeable
NuBBE_1432 	Permeable
NuBBE_1433 	Permeable
NuBBE_1434 	Non-Permeable
NuBBE_1435 	Permeable
NuBBE_1436 	Permeable
NuBBE_1437 	Permeable
NuBBE_1438 	Permeable
NuBBE_1439 	Permeable
NuBBE_143 	Permeable
NuBBE_1440 	Permeable
NuBBE_1441 	Non-Permeable
NuBBE_1442 	Permeable
NuBBE_1443 	Non-Permeable
NuBBE_1444 	Non-Permeable
NuBBE_1445 	Non-Permeable
NuBBE_1448 	Permeable
NuBBE_1449 	Permeable
NuBBE_144 	Permeable
NuBBE_1450 	Permeable
NuBBE_1451 	Permeable
NuBBE_1452 	Permeable
NuBBE_1453 	Permeable
NuBBE_1454 	Non-Permeable
NuBBE_1455 	Non-Permeable
NuBBE_1456 	Non-Permeable
NuBBE_1457 	Non-Permeable
NuBBE_1458 	Non-Permeable
NuBBE_1459 	Non-Permeable
NuBBE_145 	Permeable
NuBBE_1460 	Non-Permeable
NuBBE_1461 	Non-Permeable
NuBBE_1462 	Permeable
NuBBE_1463 	Permeable
NuBBE_1464 	Permeable
NuBBE_1465 	Permeable
NuBBE_1466 	Permeable
NuBBE_1467 	Permeable
NuBBE_1468 	Permeable
NuBBE_1469 	Permeable
NuBBE_146 	Permeable
NuBBE_1471 	Permeable
NuBBE_1472 	Permeable
NuBBE_1473 	Non-Permeable
NuBBE_1474 	Non-Permeable
NuBBE_1475 	Non-Permeable
NuBBE_1476 	Non-Permeable
NuBBE_1477 	Non-Permeable
NuBBE_1478 	Non-Permeable
NuBBE_1479 	Permeable
NuBBE_147 	Permeable
NuBBE_1480 	Permeable
NuBBE_1481 	Permeable
NuBBE_1482 	Non-Permeable
NuBBE_1483 	Non-Permeable
NuBBE_1484 	Permeable
NuBBE_1485 	Non-Permeable
NuBBE_1486 	Permeable
NuBBE_1487 	Permeable
NuBBE_148 	Non-Permeable
NuBBE_1492 	Permeable
NuBBE_1493 	Permeable
NuBBE_1494 	Permeable
NuBBE_1495 	Permeable
NuBBE_1496 	Permeable
NuBBE_1497 	Permeable
NuBBE_1498 	Permeable
NuBBE_1499 	Permeable
NuBBE_149 	Permeable
NuBBE_14 	Permeable
NuBBE_1500 	Permeable
NuBBE_1501 	Permeable
NuBBE_1502 	Permeable
NuBBE_1503 	Permeable
NuBBE_1504 	Permeable
NuBBE_1505 	Permeable
NuBBE_1506 	Permeable
NuBBE_1507 	Permeable
NuBBE_1508 	Permeable
NuBBE_1509 	Non-Permeable
NuBBE_150 	Permeable
NuBBE_1510 	Permeable
NuBBE_1511 	Permeable
NuBBE_1512 	Permeable
NuBBE_1513 	Permeable
NuBBE_1514 	Permeable
NuBBE_1515 	Permeable
NuBBE_1516 	Permeable
NuBBE_1517 	Permeable
NuBBE_1518 	Permeable
NuBBE_1519 	Permeable
NuBBE_151 	Non-Permeable
NuBBE_1520 	Permeable
NuBBE_1521 	Permeable
NuBBE_1522 	Permeable
NuBBE_1523 	Permeable
NuBBE_1524 	Permeable
NuBBE_1525 	Permeable
NuBBE_1526 	Permeable
NuBBE_1527 	Permeable
NuBBE_1528 	Permeable
NuBBE_1529 	Non-Permeable
NuBBE_152 	Permeable
NuBBE_1530 	Permeable
NuBBE_1537 	Permeable
NuBBE_1538 	Permeable
NuBBE_1539 	Permeable
NuBBE_153 	Permeable
NuBBE_1540 	Permeable
NuBBE_1541 	Permeable
NuBBE_1542 	Permeable
NuBBE_1543 	Permeable
NuBBE_1544 	Permeable
NuBBE_1545 	Permeable
NuBBE_1546 	Permeable
NuBBE_1547 	Permeable
NuBBE_1548 	Permeable
NuBBE_1549 	Permeable
NuBBE_154 	Non-Permeable
NuBBE_1550 	Permeable
NuBBE_1551 	Permeable
NuBBE_1552 	Permeable
NuBBE_1553 	Permeable
NuBBE_1554 	Permeable
NuBBE_1555 	Permeable
NuBBE_1556 	Permeable
NuBBE_1557 	Non-Permeable
NuBBE_1558 	Non-Permeable
NuBBE_1559 	Non-Permeable
NuBBE_155 	Permeable
NuBBE_1560 	Non-Permeable
NuBBE_1561 	Permeable
NuBBE_1562 	Permeable
NuBBE_1563 	Permeable
NuBBE_1564 	Permeable
NuBBE_1565 	Permeable
NuBBE_1566 	Permeable
NuBBE_1567 	Permeable
NuBBE_1569 	Permeable
NuBBE_156 	Permeable
NuBBE_1570 	Permeable
NuBBE_1571 	Permeable
NuBBE_1572 	Permeable
NuBBE_1573 	Permeable
NuBBE_1574 	Permeable
NuBBE_1575 	Permeable
NuBBE_1576 	Non-Permeable
NuBBE_1577 	Permeable
NuBBE_1578 	Permeable
NuBBE_1579 	Permeable
NuBBE_157 	Permeable
NuBBE_1580 	Non-Permeable
NuBBE_1581 	Non-Permeable
NuBBE_1582 	Non-Permeable
NuBBE_1583 	Permeable
NuBBE_1584 	Permeable
NuBBE_1585 	Permeable
NuBBE_1586 	Non-Permeable
NuBBE_1587 	Permeable
NuBBE_1588 	Permeable
NuBBE_1589 	Non-Permeable
NuBBE_158 	Permeable
NuBBE_1590 	Non-Permeable
NuBBE_1591 	Non-Permeable
NuBBE_1592 	Non-Permeable
NuBBE_1593 	Non-Permeable
NuBBE_1594 	Permeable
NuBBE_1595 	Permeable
NuBBE_1596 	Permeable
NuBBE_1597 	Permeable
NuBBE_1598 	Permeable
NuBBE_1599 	Permeable
NuBBE_159 	Non-Permeable
NuBBE_15 	Permeable
NuBBE_1600 	Permeable
NuBBE_1601 	Permeable
NuBBE_1602 	Permeable
NuBBE_1603 	Permeable
NuBBE_1604 	Permeable
NuBBE_1605 	Permeable
NuBBE_1606 	Permeable
NuBBE_1607 	Permeable
NuBBE_1608 	Permeable
NuBBE_1609 	Permeable
NuBBE_160 	Non-Permeable
NuBBE_1610 	Permeable
NuBBE_1611 	Non-Permeable
NuBBE_1612 	Permeable
NuBBE_1613 	Non-Permeable
NuBBE_1614 	Non-Permeable
NuBBE_1615 	Permeable
NuBBE_1616 	Permeable
NuBBE_1617 	Permeable
NuBBE_1618 	Permeable
NuBBE_1619 	Permeable
NuBBE_161 	Non-Permeable
NuBBE_1620 	Permeable
NuBBE_1621 	Permeable
NuBBE_1622 	Permeable
NuBBE_1623 	Permeable
NuBBE_1624 	Non-Permeable
NuBBE_1625 	Permeable
NuBBE_1626 	Permeable
NuBBE_1627 	Permeable
NuBBE_1628 	Permeable
NuBBE_1629 	Permeable
NuBBE_162 	Non-Permeable
NuBBE_1630 	Permeable
NuBBE_1631 	Permeable
NuBBE_1632 	Permeable
NuBBE_1633 	Permeable
NuBBE_1634 	Permeable
NuBBE_1635 	Permeable
NuBBE_1636 	Permeable
NuBBE_1637 	Non-Permeable
NuBBE_1638 	Non-Permeable
NuBBE_1639 	Non-Permeable
NuBBE_163 	Permeable
NuBBE_1640 	Non-Permeable
NuBBE_1641 	Non-Permeable
NuBBE_1642 	Non-Permeable
NuBBE_1643 	Permeable
NuBBE_1644 	Permeable
NuBBE_1645 	Permeable
NuBBE_1646 	Permeable
NuBBE_1647 	Permeable
NuBBE_1648 	Permeable
NuBBE_1649 	Permeable
NuBBE_164 	Permeable
NuBBE_1650 	Permeable
NuBBE_1651 	Non-Permeable
NuBBE_1652 	Permeable
NuBBE_1653 	Permeable
NuBBE_1654 	Permeable
NuBBE_1655 	Permeable
NuBBE_1656 	Non-Permeable
NuBBE_1657 	Permeable
NuBBE_1658 	Permeable
NuBBE_1659 	Permeable
NuBBE_165 	Permeable
NuBBE_1660 	Permeable
NuBBE_1661 	Permeable
NuBBE_1662 	Non-Permeable
NuBBE_1663 	Non-Permeable
NuBBE_1664 	Non-Permeable
NuBBE_1665 	Permeable
NuBBE_1666 	Permeable
NuBBE_1667 	Permeable
NuBBE_1668 	Permeable
NuBBE_1669 	Permeable
NuBBE_166 	Permeable
NuBBE_1670 	Non-Permeable
NuBBE_1671 	Permeable
NuBBE_1672 	Permeable
NuBBE_1673 	Permeable
NuBBE_1674 	Permeable
NuBBE_1675 	Permeable
NuBBE_1676 	Permeable
NuBBE_1677 	Permeable
NuBBE_1678 	Permeable
NuBBE_1679 	Permeable
NuBBE_167 	Permeable
NuBBE_1680 	Permeable
NuBBE_1681 	Permeable
NuBBE_1682 	Permeable
NuBBE_1683 	Permeable
NuBBE_1684 	Permeable
NuBBE_1685 	Permeable
NuBBE_1686 	Permeable
NuBBE_1687 	Permeable
NuBBE_1688 	Permeable
NuBBE_1689 	Permeable
NuBBE_168 	Permeable
NuBBE_1690 	Permeable
NuBBE_1691 	Permeable
NuBBE_1692 	Non-Permeable
NuBBE_1693 	Non-Permeable
NuBBE_1694 	Non-Permeable
NuBBE_1695 	Non-Permeable
NuBBE_1696 	Non-Permeable
NuBBE_1697 	Non-Permeable
NuBBE_1698 	Non-Permeable
NuBBE_1699 	Non-Permeable
NuBBE_169 	Permeable
NuBBE_16 	Permeable
NuBBE_1700 	Non-Permeable
NuBBE_1701 	Non-Permeable
NuBBE_1702 	Non-Permeable
NuBBE_1703 	Non-Permeable
NuBBE_1704 	Non-Permeable
NuBBE_1705 	Non-Permeable
NuBBE_1706 	Non-Permeable
NuBBE_1707 	Permeable
NuBBE_1708 	Permeable
NuBBE_1709 	Permeable
NuBBE_170 	Permeable
NuBBE_1710 	Permeable
NuBBE_1711 	Permeable
NuBBE_1712 	Permeable
NuBBE_1713 	Permeable
NuBBE_1714 	Permeable
NuBBE_1715 	Permeable
NuBBE_1716 	Permeable
NuBBE_1717 	Permeable
NuBBE_1718 	Permeable
NuBBE_1719 	Permeable
NuBBE_171 	Permeable
NuBBE_1720 	Non-Permeable
NuBBE_1721 	Permeable
NuBBE_1722 	Permeable
NuBBE_1723 	Non-Permeable
NuBBE_1724 	Non-Permeable
NuBBE_1725 	Permeable
NuBBE_1726 	Permeable
NuBBE_1727 	Permeable
NuBBE_1728 	Permeable
NuBBE_1729 	Permeable
NuBBE_172 	Permeable
NuBBE_1730 	Permeable
NuBBE_1731 	Permeable
NuBBE_1732 	Permeable
NuBBE_1733 	Permeable
NuBBE_1734 	Permeable
NuBBE_1735 	Permeable
NuBBE_1736 	Non-Permeable
NuBBE_1737 	Permeable
NuBBE_1738 	Permeable
NuBBE_1739 	Permeable
NuBBE_173 	Permeable
NuBBE_1740 	Permeable
NuBBE_1741 	Permeable
NuBBE_1742 	Permeable
NuBBE_1743 	Permeable
NuBBE_1744 	Permeable
NuBBE_1745 	Permeable
NuBBE_1746 	Permeable
NuBBE_1747 	Permeable
NuBBE_1749 	Permeable
NuBBE_174 	Permeable
NuBBE_1750 	Permeable
NuBBE_1751 	Permeable
NuBBE_1752 	Permeable
NuBBE_1753 	Non-Permeable
NuBBE_1754 	Permeable
NuBBE_1755 	Permeable
NuBBE_1756 	Permeable
NuBBE_1757 	Permeable
NuBBE_1758 	Permeable
NuBBE_1759 	Non-Permeable
NuBBE_175 	Permeable
NuBBE_1760 	Non-Permeable
NuBBE_1761 	Permeable
NuBBE_1762 	Non-Permeable
NuBBE_1763 	Permeable
NuBBE_1764 	Non-Permeable
NuBBE_1765 	Non-Permeable
NuBBE_1766 	Permeable
NuBBE_1767 	Permeable
NuBBE_1768 	Non-Permeable
NuBBE_1769 	Non-Permeable
NuBBE_176 	Permeable
NuBBE_1770 	Non-Permeable
NuBBE_1771 	Non-Permeable
NuBBE_1772 	Non-Permeable
NuBBE_1773 	Permeable
NuBBE_1774 	Permeable
NuBBE_1775 	Permeable
NuBBE_1776 	Permeable
NuBBE_1777 	Permeable
NuBBE_1778 	Non-Permeable
NuBBE_1779 	Permeable
NuBBE_177 	Permeable
NuBBE_1780 	Permeable
NuBBE_1781 	Permeable
NuBBE_1782 	Permeable
NuBBE_1783 	Permeable
NuBBE_1784 	Permeable
NuBBE_1785 	Permeable
NuBBE_1786 	Permeable
NuBBE_1787 	Non-Permeable
NuBBE_1788 	Non-Permeable
NuBBE_1789 	Permeable
NuBBE_178 	Permeable
NuBBE_1790 	Permeable
NuBBE_1791 	Permeable
NuBBE_1792 	Permeable
NuBBE_1793 	Permeable
NuBBE_1794 	Permeable
NuBBE_1795 	Permeable
NuBBE_1796 	Permeable
NuBBE_1797 	Permeable
NuBBE_1798 	Permeable
NuBBE_1799 	Permeable
NuBBE_179 	Permeable
NuBBE_17 	Permeable
NuBBE_1800 	Permeable
NuBBE_1801 	Permeable
NuBBE_1802 	Permeable
NuBBE_1803 	Permeable
NuBBE_1804 	Permeable
NuBBE_1805 	Permeable
NuBBE_1806 	Permeable
NuBBE_1807 	Permeable
NuBBE_1808 	Permeable
NuBBE_1809 	Permeable
NuBBE_180 	Permeable
NuBBE_1810 	Permeable
NuBBE_1811 	Permeable
NuBBE_1812 	Permeable
NuBBE_1813 	Permeable
NuBBE_1814 	Permeable
NuBBE_1815 	Permeable
NuBBE_1816 	Non-Permeable
NuBBE_1817 	Non-Permeable
NuBBE_1818 	Non-Permeable
NuBBE_1819 	Non-Permeable
NuBBE_181 	Permeable
NuBBE_1820 	Non-Permeable
NuBBE_1821 	Non-Permeable
NuBBE_1822 	Non-Permeable
NuBBE_1823 	Non-Permeable
NuBBE_1824 	Permeable
NuBBE_1825 	Permeable
NuBBE_1826 	Permeable
NuBBE_1827 	Permeable
NuBBE_1828 	Permeable
NuBBE_1829 	Permeable
NuBBE_182 	Non-Permeable
NuBBE_1830 	Permeable
NuBBE_1831 	Permeable
NuBBE_1832 	Permeable
NuBBE_1833 	Non-Permeable
NuBBE_1834 	Permeable
NuBBE_1835 	Permeable
NuBBE_1836 	Permeable
NuBBE_1837 	Permeable
NuBBE_1838 	Permeable
NuBBE_1839 	Permeable
NuBBE_183 	Permeable
NuBBE_1840 	Permeable
NuBBE_1841 	Permeable
NuBBE_1842 	Permeable
NuBBE_1844 	Permeable
NuBBE_1845 	Permeable
NuBBE_1846 	Non-Permeable
NuBBE_1847 	Permeable
NuBBE_1848 	Permeable
NuBBE_1849 	Permeable
NuBBE_184 	Permeable
NuBBE_1850 	Permeable
NuBBE_1851 	Permeable
NuBBE_1852 	Permeable
NuBBE_1853 	Permeable
NuBBE_1854 	Permeable
NuBBE_1855 	Non-Permeable
NuBBE_1856 	Permeable
NuBBE_1857 	Permeable
NuBBE_1858 	Non-Permeable
NuBBE_1859 	Permeable
NuBBE_185 	Permeable
NuBBE_1860 	Permeable
NuBBE_1861 	Non-Permeable
NuBBE_1862 	Permeable
NuBBE_1863 	Permeable
NuBBE_1864 	Non-Permeable
NuBBE_1865 	Non-Permeable
NuBBE_1866 	Non-Permeable
NuBBE_1867 	Non-Permeable
NuBBE_1868 	Non-Permeable
NuBBE_1869 	Non-Permeable
NuBBE_186 	Permeable
NuBBE_1870 	Non-Permeable
NuBBE_1871 	Non-Permeable
NuBBE_1872 	Non-Permeable
NuBBE_1873 	Non-Permeable
NuBBE_1874 	Non-Permeable
NuBBE_1875 	Non-Permeable
NuBBE_1876 	Non-Permeable
NuBBE_1877 	Non-Permeable
NuBBE_1878 	Non-Permeable
NuBBE_1879 	Non-Permeable
NuBBE_187 	Permeable
NuBBE_1880 	Permeable
NuBBE_1881 	Non-Permeable
NuBBE_1882 	Non-Permeable
NuBBE_1883 	Permeable
NuBBE_1884 	Permeable
NuBBE_1885 	Non-Permeable
NuBBE_1886 	Non-Permeable
NuBBE_1887 	Non-Permeable
NuBBE_1888 	Non-Permeable
NuBBE_1889 	Non-Permeable
NuBBE_188 	Non-Permeable
NuBBE_1890 	Non-Permeable
NuBBE_1891 	Permeable
NuBBE_1892 	Non-Permeable
NuBBE_1893 	Non-Permeable
NuBBE_1894 	Non-Permeable
NuBBE_1895 	Permeable
NuBBE_1896 	Permeable
NuBBE_1897 	Non-Permeable
NuBBE_1898 	Permeable
NuBBE_1899 	Non-Permeable
NuBBE_189 	Permeable
NuBBE_18 	Permeable
NuBBE_1900 	Permeable
NuBBE_1901 	Permeable
NuBBE_1902 	Permeable
NuBBE_1903 	Permeable
NuBBE_1904 	Non-Permeable
NuBBE_1905 	Permeable
NuBBE_1906 	Permeable
NuBBE_1907 	Permeable
NuBBE_1908 	Permeable
NuBBE_1909 	Permeable
NuBBE_190 	Permeable
NuBBE_1910 	Permeable
NuBBE_1911 	Permeable
NuBBE_1912 	Non-Permeable
NuBBE_1913 	Non-Permeable
NuBBE_1914 	Permeable
NuBBE_1915 	Permeable
NuBBE_1916 	Permeable
NuBBE_1917 	Permeable
NuBBE_1918 	Permeable
NuBBE_1919 	Permeable
NuBBE_191 	Permeable
NuBBE_1920 	Permeable
NuBBE_1921 	Permeable
NuBBE_1922 	Permeable
NuBBE_1923 	Permeable
NuBBE_1924 	Permeable
NuBBE_1925 	Permeable
NuBBE_1926 	Permeable
NuBBE_1927 	Permeable
NuBBE_1928 	Permeable
NuBBE_1929 	Permeable
NuBBE_192 	Non-Permeable
NuBBE_1930 	Permeable
NuBBE_1931 	Permeable
NuBBE_1932 	Permeable
NuBBE_1933 	Permeable
NuBBE_1934 	Permeable
NuBBE_1935 	Permeable
NuBBE_1936 	Permeable
NuBBE_1937 	Permeable
NuBBE_1938 	Permeable
NuBBE_1939 	Permeable
NuBBE_193 	Non-Permeable
NuBBE_1940 	Permeable
NuBBE_1941 	Permeable
NuBBE_1942 	Permeable
NuBBE_1943 	Permeable
NuBBE_1944 	Permeable
NuBBE_1945 	Permeable
NuBBE_1946 	Permeable
NuBBE_1947 	Permeable
NuBBE_1948 	Permeable
NuBBE_1949 	Permeable
NuBBE_194 	Non-Permeable
NuBBE_1950 	Permeable
NuBBE_1951 	Permeable
NuBBE_1952 	Non-Permeable
NuBBE_1953 	Permeable
NuBBE_1954 	Permeable
NuBBE_1955 	Permeable
NuBBE_1956 	Permeable
NuBBE_1957 	Permeable
NuBBE_1958 	Permeable
NuBBE_1959 	Permeable
NuBBE_195 	Non-Permeable
NuBBE_1960 	Permeable
NuBBE_1961 	Permeable
NuBBE_1962 	Permeable
NuBBE_1963 	Non-Permeable
NuBBE_1964 	Permeable
NuBBE_1965 	Non-Permeable
NuBBE_1966 	Non-Permeable
NuBBE_1967 	Non-Permeable
NuBBE_1968 	Non-Permeable
NuBBE_1969 	Non-Permeable
NuBBE_196 	Non-Permeable
NuBBE_1970 	Non-Permeable
NuBBE_1971 	Permeable
NuBBE_1972 	Permeable
NuBBE_1973 	Permeable
NuBBE_1974 	Permeable
NuBBE_1975 	Permeable
NuBBE_1976 	Permeable
NuBBE_1977 	Permeable
NuBBE_1978 	Permeable
NuBBE_1979 	Permeable
NuBBE_197 	Non-Permeable
NuBBE_1980 	Permeable
NuBBE_1981 	Permeable
NuBBE_1982 	Permeable
NuBBE_1983 	Permeable
NuBBE_1984 	Permeable
NuBBE_1985 	Permeable
NuBBE_1986 	Permeable
NuBBE_1987 	Permeable
NuBBE_1988 	Permeable
NuBBE_1989 	Permeable
NuBBE_198 	Non-Permeable
NuBBE_1990 	Permeable
NuBBE_1991 	Permeable
NuBBE_1992 	Permeable
NuBBE_1993 	Permeable
NuBBE_1994 	Non-Permeable
NuBBE_1995 	Non-Permeable
NuBBE_1996 	Non-Permeable
NuBBE_1997 	Non-Permeable
NuBBE_1998 	Non-Permeable
NuBBE_1999 	Non-Permeable
NuBBE_199 	Non-Permeable
NuBBE_19 	Permeable
NuBBE_1 	Permeable
NuBBE_2000 	Permeable
NuBBE_2001 	Permeable
NuBBE_2002 	Non-Permeable
NuBBE_2003 	Non-Permeable
NuBBE_2004 	Non-Permeable
NuBBE_2005 	Permeable
NuBBE_2006 	Non-Permeable
NuBBE_2007 	Permeable
NuBBE_2008 	Non-Permeable
NuBBE_2009 	Permeable
NuBBE_200 	Non-Permeable
NuBBE_2010 	Permeable
NuBBE_2011 	Permeable
NuBBE_2012 	Permeable
NuBBE_2013 	Permeable
NuBBE_2014 	Permeable
NuBBE_2015 	Permeable
NuBBE_2016 	Permeable
NuBBE_2017 	Permeable
NuBBE_2018 	Non-Permeable
NuBBE_2019 	Permeable
NuBBE_201 	Permeable
NuBBE_2020 	Non-Permeable
NuBBE_2021 	Non-Permeable
NuBBE_2022 	Permeable
NuBBE_2023 	Non-Permeable
NuBBE_2024 	Non-Permeable
NuBBE_2025 	Non-Permeable
NuBBE_2026 	Permeable
NuBBE_2027 	Permeable
NuBBE_2028 	Permeable
NuBBE_2029 	Permeable
NuBBE_202 	Permeable
NuBBE_2030 	Permeable
NuBBE_2031 	Permeable
NuBBE_2032 	Permeable
NuBBE_2033 	Permeable
NuBBE_2034 	Non-Permeable
NuBBE_2035 	Permeable
NuBBE_2036 	Permeable
NuBBE_2037 	Non-Permeable
NuBBE_2038 	Permeable
NuBBE_2039 	Permeable
NuBBE_203 	Permeable
NuBBE_2040 	Permeable
NuBBE_2041 	Permeable
NuBBE_2042 	Permeable
NuBBE_2043 	Permeable
NuBBE_2044 	Permeable
NuBBE_2045 	Permeable
NuBBE_2046 	Permeable
NuBBE_2047 	Non-Permeable
NuBBE_2048 	Permeable
NuBBE_2049 	Non-Permeable
NuBBE_204 	Non-Permeable
NuBBE_2050 	Non-Permeable
NuBBE_2051 	Non-Permeable
NuBBE_2052 	Permeable
NuBBE_2053 	Non-Permeable
NuBBE_2054 	Permeable
NuBBE_2055 	Permeable
NuBBE_2056 	Permeable
NuBBE_2057 	Permeable
NuBBE_2058 	Non-Permeable
NuBBE_2059 	Permeable
NuBBE_205 	Non-Permeable
NuBBE_2060 	Permeable
NuBBE_2061 	Permeable
NuBBE_2062 	Permeable
NuBBE_2063 	Permeable
NuBBE_2064 	Permeable
NuBBE_2065 	Permeable
NuBBE_2066 	Permeable
NuBBE_2067 	Permeable
NuBBE_2068 	Permeable
NuBBE_2069 	Permeable
NuBBE_206 	Non-Permeable
NuBBE_2070 	Permeable
NuBBE_2071 	Permeable
NuBBE_2072 	Permeable
NuBBE_2073 	Permeable
NuBBE_2074 	Permeable
NuBBE_2075 	Permeable
NuBBE_2076 	Permeable
NuBBE_2077 	Permeable
NuBBE_2078 	Non-Permeable
NuBBE_2079 	Non-Permeable
NuBBE_207 	Non-Permeable
NuBBE_2080 	Permeable
NuBBE_2081 	Permeable
NuBBE_2082 	Permeable
NuBBE_2083 	Permeable
NuBBE_2084 	Permeable
NuBBE_2085 	Permeable
NuBBE_2087 	Non-Permeable
NuBBE_2088 	Non-Permeable
NuBBE_2089 	Non-Permeable
NuBBE_208 	Non-Permeable
NuBBE_2090 	Permeable
NuBBE_2091 	Permeable
NuBBE_2092 	Permeable
NuBBE_2093 	Permeable
NuBBE_2094 	Permeable
NuBBE_2096 	Permeable
NuBBE_2097 	Permeable
NuBBE_2098 	Permeable
NuBBE_2099 	Permeable
NuBBE_209 	Non-Permeable
NuBBE_20 	Permeable
NuBBE_2100 	Permeable
NuBBE_2101 	Permeable
NuBBE_2102 	Permeable
NuBBE_2103 	Permeable
NuBBE_2104 	Permeable
NuBBE_2105 	Permeable
NuBBE_2106 	Permeable
NuBBE_2107 	Permeable
NuBBE_2108 	Permeable
NuBBE_2109 	Permeable
NuBBE_210 	Non-Permeable
NuBBE_2110 	Permeable
NuBBE_2111 	Permeable
NuBBE_2112 	Permeable
NuBBE_2113 	Permeable
NuBBE_2114 	Permeable
NuBBE_2115 	Permeable
NuBBE_2116 	Permeable
NuBBE_2117 	Permeable
NuBBE_2118 	Permeable
NuBBE_2119 	Permeable
NuBBE_211 	Permeable
NuBBE_2120 	Permeable
NuBBE_2121 	Permeable
NuBBE_2122 	Permeable
NuBBE_2123 	Permeable
NuBBE_2124 	Permeable
NuBBE_2125 	Permeable
NuBBE_2126 	Permeable
NuBBE_2127 	Permeable
NuBBE_2128 	Permeable
NuBBE_2129 	Permeable
NuBBE_212 	Non-Permeable
NuBBE_2130 	Permeable
NuBBE_2131 	Permeable
NuBBE_2132 	Permeable
NuBBE_2133 	Permeable
NuBBE_2134 	Permeable
NuBBE_2135 	Permeable
NuBBE_2136 	Permeable
NuBBE_2137 	Permeable
NuBBE_2138 	Permeable
NuBBE_2139 	Permeable
NuBBE_213 	Non-Permeable
NuBBE_2140 	Permeable
NuBBE_2141 	Permeable
NuBBE_2142 	Permeable
NuBBE_2143 	Permeable
NuBBE_2144 	Permeable
NuBBE_2145 	Permeable
NuBBE_2146 	Permeable
NuBBE_2147 	Permeable
NuBBE_2148 	Permeable
NuBBE_2149 	Permeable
NuBBE_214 	Non-Permeable
NuBBE_2150 	Permeable
NuBBE_2151 	Permeable
NuBBE_2152 	Permeable
NuBBE_2153 	Permeable
NuBBE_2154 	Permeable
NuBBE_2155 	Permeable
NuBBE_2156 	Permeable
NuBBE_2157 	Permeable
NuBBE_2158 	Permeable
NuBBE_2159 	Permeable
NuBBE_215 	Permeable
NuBBE_2160 	Permeable
NuBBE_2161 	Permeable
NuBBE_2162 	Permeable
NuBBE_2163 	Permeable
NuBBE_2164 	Permeable
NuBBE_2165 	Permeable
NuBBE_2166 	Permeable
NuBBE_2167 	Permeable
NuBBE_2168 	Permeable
NuBBE_2169 	Permeable
NuBBE_216 	Permeable
NuBBE_2170 	Non-Permeable
NuBBE_2171 	Non-Permeable
NuBBE_2172 	Non-Permeable
NuBBE_2173 	Permeable
NuBBE_2174 	Non-Permeable
NuBBE_2175 	Non-Permeable
NuBBE_2176 	Permeable
NuBBE_2177 	Permeable
NuBBE_2178 	Non-Permeable
NuBBE_2179 	Non-Permeable
NuBBE_217 	Non-Permeable
NuBBE_2180 	Permeable
NuBBE_2181 	Permeable
NuBBE_2182 	Permeable
NuBBE_2183 	Permeable
NuBBE_2184 	Permeable
NuBBE_2185 	Permeable
NuBBE_2186 	Permeable
NuBBE_2187 	Permeable
NuBBE_2188 	Permeable
NuBBE_2189 	Permeable
NuBBE_218 	Non-Permeable
NuBBE_2190 	Permeable
NuBBE_2191 	Permeable
NuBBE_2192 	Non-Permeable
NuBBE_2193 	Permeable
NuBBE_2194 	Permeable
NuBBE_2195 	Permeable
NuBBE_2196 	Non-Permeable
NuBBE_2197 	Permeable
NuBBE_2198 	Permeable
NuBBE_2199 	Permeable
NuBBE_219 	Permeable
NuBBE_21 	Permeable
NuBBE_2200 	Permeable
NuBBE_2201 	Permeable
NuBBE_2202 	Permeable
NuBBE_2203 	Permeable
NuBBE_2204 	Permeable
NuBBE_2205 	Permeable
NuBBE_2206 	Permeable
NuBBE_2207 	Permeable
NuBBE_2208 	Permeable
NuBBE_2209 	Permeable
NuBBE_220 	Permeable
NuBBE_2210 	Permeable
NuBBE_2211 	Non-Permeable
NuBBE_2212 	Non-Permeable
NuBBE_2213 	Non-Permeable
NuBBE_2214 	Permeable
NuBBE_2215 	Permeable
NuBBE_2216 	Permeable
NuBBE_2217 	Non-Permeable
NuBBE_2218 	Permeable
NuBBE_2219 	Non-Permeable
NuBBE_221 	Permeable
NuBBE_2221 	Permeable
NuBBE_2222 	Permeable
NuBBE_2223 	Non-Permeable
NuBBE_2224 	Permeable
NuBBE_2225 	Permeable
NuBBE_2226 	Permeable
NuBBE_2227 	Permeable
NuBBE_2228 	Permeable
NuBBE_2229 	Non-Permeable
NuBBE_222 	Permeable
NuBBE_2230 	Permeable
NuBBE_2231 	Permeable
NuBBE_2232 	Permeable
NuBBE_2233 	Permeable
NuBBE_2234 	Permeable
NuBBE_2235 	Permeable
NuBBE_2236 	Permeable
NuBBE_2237 	Permeable
NuBBE_2238 	Permeable
NuBBE_2239 	Permeable
NuBBE_223 	Permeable
NuBBE_2240 	Permeable
NuBBE_2241 	Permeable
NuBBE_2242 	Permeable
NuBBE_2243 	Permeable
NuBBE_2244 	Permeable
NuBBE_2245 	Non-Permeable
NuBBE_224 	Permeable
NuBBE_2252 	Permeable
NuBBE_2253 	Permeable
NuBBE_2254 	Permeable
NuBBE_2255 	Permeable
NuBBE_2256 	Non-Permeable
NuBBE_2258 	Non-Permeable
NuBBE_2259 	Permeable
NuBBE_225 	Permeable
NuBBE_2260 	Permeable
NuBBE_2261 	Permeable
NuBBE_2262 	Permeable
NuBBE_2263 	Permeable
NuBBE_2264 	Permeable
NuBBE_2266 	Permeable
NuBBE_2267 	Permeable
NuBBE_2268 	Permeable
NuBBE_2269 	Permeable
NuBBE_226 	Permeable
NuBBE_2271 	Permeable
NuBBE_2272 	Permeable
NuBBE_2273 	Permeable
NuBBE_2274 	Permeable
NuBBE_2275 	Non-Permeable
NuBBE_2276 	Permeable
NuBBE_2277 	Permeable
NuBBE_2278 	Non-Permeable
NuBBE_2279 	Non-Permeable
NuBBE_227 	Permeable
NuBBE_2280 	Non-Permeable
NuBBE_2281 	Non-Permeable
NuBBE_2282 	Non-Permeable
NuBBE_2283 	Permeable
NuBBE_2284 	Permeable
NuBBE_2285 	Permeable
NuBBE_2286 	Permeable
NuBBE_2287 	Permeable
NuBBE_2288 	Permeable
NuBBE_2289 	Permeable
NuBBE_228 	Permeable
NuBBE_2290 	Permeable
NuBBE_2291 	Permeable
NuBBE_2292 	Permeable
NuBBE_2293 	Permeable
NuBBE_2294 	Permeable
NuBBE_2295 	Permeable
NuBBE_2296 	Permeable
NuBBE_2297 	Permeable
NuBBE_2298 	Permeable
NuBBE_2299 	Permeable
NuBBE_229 	Permeable
NuBBE_22 	Permeable
NuBBE_2300 	Permeable
NuBBE_2301 	Permeable
NuBBE_2302 	Permeable
NuBBE_2303 	Permeable
NuBBE_2304 	Permeable
NuBBE_2306 	Permeable
NuBBE_2307 	Non-Permeable
NuBBE_2308 	Non-Permeable
NuBBE_2309 	Permeable
NuBBE_230 	Permeable
NuBBE_2310 	Permeable
NuBBE_2313 	Permeable
NuBBE_2314 	Permeable
NuBBE_2315 	Permeable
NuBBE_2316 	Permeable
NuBBE_2317 	Permeable
NuBBE_2318 	Permeable
NuBBE_2319 	Permeable
NuBBE_231 	Permeable
NuBBE_2320 	Permeable
NuBBE_2324 	Non-Permeable
NuBBE_2325 	Non-Permeable
NuBBE_2326 	Non-Permeable
NuBBE_2327 	Permeable
NuBBE_2328 	Non-Permeable
NuBBE_2329 	Non-Permeable
NuBBE_232 	Permeable
NuBBE_2330 	Non-Permeable
NuBBE_2331 	Non-Permeable
NuBBE_2332 	Permeable
NuBBE_2333 	Permeable
NuBBE_2334 	Permeable
NuBBE_2335 	Permeable
NuBBE_2336 	Permeable
NuBBE_2337 	Permeable
NuBBE_2338 	Permeable
NuBBE_2339 	Permeable
NuBBE_233 	Permeable
NuBBE_2340 	Permeable
NuBBE_2341 	Permeable
NuBBE_2342 	Permeable
NuBBE_2343 	Permeable
NuBBE_2344 	Permeable
NuBBE_2345 	Permeable
NuBBE_2346 	Permeable
NuBBE_2347 	Permeable
NuBBE_2348 	Permeable
NuBBE_2349 	Permeable
NuBBE_234 	Permeable
NuBBE_2350 	Permeable
NuBBE_2351 	Permeable
NuBBE_2352 	Permeable
NuBBE_2353 	Permeable
NuBBE_2354 	Permeable
NuBBE_2355 	Permeable
NuBBE_2356 	Permeable
NuBBE_2357 	Permeable
NuBBE_2358 	Permeable
NuBBE_2359 	Permeable
NuBBE_235 	Permeable
NuBBE_2360 	Permeable
NuBBE_2361 	Permeable
NuBBE_2362 	Permeable
NuBBE_2363 	Non-Permeable
NuBBE_2364 	Permeable
NuBBE_2365 	Permeable
NuBBE_2366 	Permeable
NuBBE_2367 	Permeable
NuBBE_2368 	Permeable
NuBBE_2369 	Permeable
NuBBE_236 	Permeable
NuBBE_2370 	Permeable
NuBBE_2371 	Permeable
NuBBE_2372 	Permeable
NuBBE_2373 	Permeable
NuBBE_2374 	Permeable
NuBBE_2375 	Permeable
NuBBE_2376 	Permeable
NuBBE_2377 	Permeable
NuBBE_2378 	Permeable
NuBBE_2379 	Permeable
NuBBE_237 	Permeable
NuBBE_2380 	Permeable
NuBBE_2381 	Permeable
NuBBE_2382 	Permeable
NuBBE_2383 	Permeable
NuBBE_2384 	Permeable
NuBBE_2385 	Permeable
NuBBE_2386 	Permeable
NuBBE_2387 	Permeable
NuBBE_2388 	Permeable
NuBBE_2389 	Permeable
NuBBE_238 	Permeable
NuBBE_2390 	Permeable
NuBBE_2391 	Permeable
NuBBE_2392 	Permeable
NuBBE_2393 	Permeable
NuBBE_2395 	Non-Permeable
NuBBE_2396 	Permeable
NuBBE_2397 	Non-Permeable
NuBBE_2398 	Non-Permeable
NuBBE_2399 	Non-Permeable
NuBBE_239 	Permeable
NuBBE_23 	Permeable
NuBBE_2400 	Non-Permeable
NuBBE_2401 	Permeable
NuBBE_2402 	Permeable
NuBBE_2406 	Permeable
NuBBE_2407 	Permeable
NuBBE_2408 	Permeable
NuBBE_2409 	Non-Permeable
NuBBE_240 	Permeable
NuBBE_2410 	Non-Permeable
NuBBE_2411 	Permeable
NuBBE_2412 	Permeable
NuBBE_2413 	Permeable
NuBBE_2414 	Non-Permeable
NuBBE_2415 	Non-Permeable
NuBBE_2416 	Permeable
NuBBE_2417 	Non-Permeable
NuBBE_2418 	Non-Permeable
NuBBE_2419 	Permeable
NuBBE_241 	Non-Permeable
NuBBE_2420 	Permeable
NuBBE_2421 	Permeable
NuBBE_2422 	Permeable
NuBBE_2423 	Permeable
NuBBE_2424 	Permeable
NuBBE_2425 	Permeable
NuBBE_2426 	Permeable
NuBBE_2427 	Non-Permeable
NuBBE_2428 	Permeable
NuBBE_2429 	Permeable
NuBBE_242 	Non-Permeable
NuBBE_2430 	Non-Permeable
NuBBE_2431 	Permeable
NuBBE_2432 	Permeable
NuBBE_2433 	Permeable
NuBBE_2434 	Non-Permeable
NuBBE_2435 	Non-Permeable
NuBBE_2436 	Permeable
NuBBE_2438 	Permeable
NuBBE_2439 	Non-Permeable
NuBBE_243 	Non-Permeable
NuBBE_2440 	Non-Permeable
NuBBE_2441 	Permeable
NuBBE_2442 	Permeable
NuBBE_2443 	Non-Permeable
NuBBE_2444 	Non-Permeable
NuBBE_2445 	Non-Permeable
NuBBE_2446 	Non-Permeable
NuBBE_2447 	Permeable
NuBBE_2448 	Permeable
NuBBE_2449 	Non-Permeable
NuBBE_2450 	Non-Permeable
NuBBE_2451 	Non-Permeable
NuBBE_2452 	Permeable
NuBBE_2453 	Permeable
NuBBE_2454 	Permeable
NuBBE_2455 	Permeable
NuBBE_2456 	Permeable
NuBBE_2457 	Permeable
NuBBE_2458 	Permeable
NuBBE_2459 	Permeable
NuBBE_2460 	Permeable
NuBBE_2461 	Permeable
NuBBE_2462 	Permeable
NuBBE_2463 	Permeable
NuBBE_2464 	Permeable
NuBBE_2465 	Permeable
NuBBE_2466 	Permeable
NuBBE_2467 	Permeable
NuBBE_2468 	Permeable
NuBBE_2469 	Non-Permeable
NuBBE_2470 	Permeable
NuBBE_2471 	Permeable
NuBBE_2472 	Permeable
NuBBE_2473 	Permeable
NuBBE_2474 	Permeable
NuBBE_2475 	Permeable
NuBBE_2476 	Permeable
NuBBE_2477 	Permeable
NuBBE_2478 	Permeable
NuBBE_2479 	Permeable
NuBBE_2480 	Permeable
NuBBE_2481 	Permeable
NuBBE_2482 	Permeable
NuBBE_2483 	Permeable
NuBBE_2484 	Non-Permeable
NuBBE_2485 	Non-Permeable
NuBBE_2486 	Non-Permeable
NuBBE_2487 	Permeable
NuBBE_2489 	Permeable
NuBBE_248 	Non-Permeable
NuBBE_2490 	Permeable
NuBBE_2491 	Permeable
NuBBE_2492 	Permeable
NuBBE_2493 	Permeable
NuBBE_2494 	Permeable
NuBBE_2495 	Permeable
NuBBE_2496 	Permeable
NuBBE_2497 	Permeable
NuBBE_2498 	Permeable
NuBBE_2499 	Permeable
NuBBE_249 	Non-Permeable
NuBBE_24 	Permeable
NuBBE_2500 	Permeable
NuBBE_2501 	Permeable
NuBBE_2502 	Permeable
NuBBE_2503 	Permeable
NuBBE_2504 	Permeable
NuBBE_2505 	Permeable
NuBBE_2506 	Permeable
NuBBE_2507 	Permeable
NuBBE_2508 	Permeable
NuBBE_2509 	Permeable
NuBBE_250 	Permeable
NuBBE_2510 	Permeable
NuBBE_2511 	Non-Permeable
NuBBE_2512 	Non-Permeable
NuBBE_2513 	Permeable
NuBBE_2514 	Permeable
NuBBE_2515 	Permeable
NuBBE_2516 	Permeable
NuBBE_2517 	Permeable
NuBBE_2518 	Non-Permeable
NuBBE_2519 	Non-Permeable
NuBBE_251 	Permeable
NuBBE_2520 	Permeable
NuBBE_2521 	Non-Permeable
NuBBE_2522 	Non-Permeable
NuBBE_2523 	Non-Permeable
NuBBE_2524 	Non-Permeable
NuBBE_2525 	Permeable
NuBBE_2526 	Non-Permeable
NuBBE_252 	Permeable
NuBBE_253 	Non-Permeable
NuBBE_254 	Permeable
NuBBE_255 	Non-Permeable
NuBBE_256 	Permeable
NuBBE_257 	Non-Permeable
NuBBE_258 	Permeable
NuBBE_259 	Permeable
NuBBE_25 	Permeable
NuBBE_260 	Permeable
NuBBE_261 	Non-Permeable
NuBBE_262 	Non-Permeable
NuBBE_263 	Non-Permeable
NuBBE_264 	Permeable
NuBBE_265 	Permeable
NuBBE_266 	Permeable
NuBBE_267 	Permeable
NuBBE_268 	Non-Permeable
NuBBE_269 	Permeable
NuBBE_26 	Permeable
NuBBE_270 	Non-Permeable
NuBBE_271 	Non-Permeable
NuBBE_272 	Non-Permeable
NuBBE_273 	Non-Permeable
NuBBE_274 	Non-Permeable
NuBBE_275 	Permeable
NuBBE_276 	Non-Permeable
NuBBE_278 	Non-Permeable
NuBBE_279 	Non-Permeable
NuBBE_27 	Permeable
NuBBE_280 	Non-Permeable
NuBBE_281 	Non-Permeable
NuBBE_282 	Non-Permeable
NuBBE_283 	Non-Permeable
NuBBE_284 	Non-Permeable
NuBBE_285 	Non-Permeable
NuBBE_286 	Non-Permeable
NuBBE_287 	Non-Permeable
NuBBE_288 	Non-Permeable
NuBBE_289 	Permeable
NuBBE_28 	Permeable
NuBBE_290 	Permeable
NuBBE_291 	Permeable
NuBBE_292 	Permeable
NuBBE_293 	Permeable
NuBBE_294 	Permeable
NuBBE_295 	Permeable
NuBBE_296 	Permeable
NuBBE_297 	Non-Permeable
NuBBE_298 	Permeable
NuBBE_29 	Permeable
NuBBE_2 	Permeable
NuBBE_300 	Permeable
NuBBE_301 	Permeable
NuBBE_302 	Permeable
NuBBE_303 	Permeable
NuBBE_304 	Permeable
NuBBE_305 	Permeable
NuBBE_306 	Permeable
NuBBE_307 	Permeable
NuBBE_308 	Permeable
NuBBE_309 	Permeable
NuBBE_30 	Non-Permeable
NuBBE_310 	Permeable
NuBBE_311 	Permeable
NuBBE_312 	Permeable
NuBBE_313 	Permeable
NuBBE_314 	Permeable
NuBBE_315 	Permeable
NuBBE_316 	Permeable
NuBBE_317 	Non-Permeable
NuBBE_318 	Non-Permeable
NuBBE_319 	Non-Permeable
NuBBE_31 	Permeable
NuBBE_320 	Non-Permeable
NuBBE_321 	Non-Permeable
NuBBE_322 	Non-Permeable
NuBBE_323 	Permeable
NuBBE_324 	Permeable
NuBBE_325 	Permeable
NuBBE_326 	Permeable
NuBBE_327 	Permeable
NuBBE_328 	Permeable
NuBBE_329 	Non-Permeable
NuBBE_32 	Non-Permeable
NuBBE_330 	Non-Permeable
NuBBE_331 	Non-Permeable
NuBBE_332 	Non-Permeable
NuBBE_333 	Non-Permeable
NuBBE_334 	Non-Permeable
NuBBE_335 	Non-Permeable
NuBBE_336 	Permeable
NuBBE_337 	Non-Permeable
NuBBE_338 	Non-Permeable
NuBBE_339 	Non-Permeable
NuBBE_33 	Permeable
NuBBE_340 	Permeable
NuBBE_342 	Permeable
NuBBE_343 	Permeable
NuBBE_344 	Permeable
NuBBE_345 	Permeable
NuBBE_346 	Non-Permeable
NuBBE_347 	Permeable
NuBBE_348 	Permeable
NuBBE_349 	Permeable
NuBBE_34 	Permeable
NuBBE_350 	Non-Permeable
NuBBE_351 	Non-Permeable
NuBBE_352 	Permeable
NuBBE_353 	Permeable
NuBBE_354 	Permeable
NuBBE_355 	Permeable
NuBBE_356 	Permeable
NuBBE_357 	Permeable
NuBBE_358 	Non-Permeable
NuBBE_359 	Non-Permeable
NuBBE_35 	Permeable
NuBBE_360 	Non-Permeable
NuBBE_361 	Non-Permeable
NuBBE_362 	Non-Permeable
NuBBE_363 	Permeable
NuBBE_364 	Permeable
NuBBE_365 	Permeable
NuBBE_366 	Permeable
NuBBE_367 	Non-Permeable
NuBBE_368 	Non-Permeable
NuBBE_369 	Non-Permeable
NuBBE_36 	Permeable
NuBBE_370 	Non-Permeable
NuBBE_371 	Non-Permeable
NuBBE_372 	Non-Permeable
NuBBE_373 	Permeable
NuBBE_374 	Permeable
NuBBE_375 	Permeable
NuBBE_376 	Non-Permeable
NuBBE_377 	Non-Permeable
NuBBE_378 	Permeable
NuBBE_379 	Permeable
NuBBE_37 	Non-Permeable
NuBBE_380 	Permeable
NuBBE_381 	Non-Permeable
NuBBE_382 	Permeable
NuBBE_383 	Permeable
NuBBE_384 	Permeable
NuBBE_385 	Permeable
NuBBE_386 	Permeable
NuBBE_387 	Non-Permeable
NuBBE_388 	Non-Permeable
NuBBE_389 	Permeable
NuBBE_38 	Non-Permeable
NuBBE_390 	Non-Permeable
NuBBE_391 	Permeable
NuBBE_392 	Permeable
NuBBE_393 	Permeable
NuBBE_394 	Permeable
NuBBE_395 	Permeable
NuBBE_396 	Permeable
NuBBE_397 	Non-Permeable
NuBBE_398 	Permeable
NuBBE_399 	Permeable
NuBBE_39 	Non-Permeable
NuBBE_3 	Permeable
NuBBE_400 	Permeable
NuBBE_401 	Permeable
NuBBE_402 	Permeable
NuBBE_403 	Permeable
NuBBE_404 	Permeable
NuBBE_405 	Non-Permeable
NuBBE_406 	Non-Permeable
NuBBE_407 	Non-Permeable
NuBBE_408 	Permeable
NuBBE_409 	Permeable
NuBBE_40 	Permeable
NuBBE_410 	Permeable
NuBBE_411 	Non-Permeable
NuBBE_412 	Permeable
NuBBE_413 	Permeable
NuBBE_414 	Non-Permeable
NuBBE_415 	Permeable
NuBBE_416 	Permeable
NuBBE_417 	Non-Permeable
NuBBE_418 	Non-Permeable
NuBBE_419 	Non-Permeable
NuBBE_41 	Permeable
NuBBE_420 	Non-Permeable
NuBBE_421 	Permeable
NuBBE_423 	Permeable
NuBBE_424 	Permeable
NuBBE_425 	Permeable
NuBBE_426 	Non-Permeable
NuBBE_427 	Permeable
NuBBE_428 	Non-Permeable
NuBBE_429 	Non-Permeable
NuBBE_42 	Permeable
NuBBE_430 	Permeable
NuBBE_431 	Permeable
NuBBE_432 	Permeable
NuBBE_433 	Permeable
NuBBE_434 	Permeable
NuBBE_435 	Non-Permeable
NuBBE_436 	Non-Permeable
NuBBE_437 	Permeable
NuBBE_438 	Non-Permeable
NuBBE_439 	Permeable
NuBBE_43 	Non-Permeable
NuBBE_440 	Permeable
NuBBE_441 	Permeable
NuBBE_442 	Non-Permeable
NuBBE_443 	Non-Permeable
NuBBE_444 	Non-Permeable
NuBBE_445 	Permeable
NuBBE_446 	Non-Permeable
NuBBE_447 	Permeable
NuBBE_448 	Non-Permeable
NuBBE_449 	Non-Permeable
NuBBE_44 	Non-Permeable
NuBBE_450 	Permeable
NuBBE_452 	Permeable
NuBBE_453 	Permeable
NuBBE_454 	Permeable
NuBBE_455 	Permeable
NuBBE_456 	Permeable
NuBBE_457 	Permeable
NuBBE_45 	Permeable
NuBBE_463 	Non-Permeable
NuBBE_464 	Non-Permeable
NuBBE_465 	Non-Permeable
NuBBE_466 	Non-Permeable
NuBBE_469 	Permeable
NuBBE_46 	Non-Permeable
NuBBE_470 	Non-Permeable
NuBBE_471 	Permeable
NuBBE_472 	Non-Permeable
NuBBE_473 	Non-Permeable
NuBBE_474 	Non-Permeable
NuBBE_475 	Permeable
NuBBE_476 	Permeable
NuBBE_477 	Permeable
NuBBE_478 	Non-Permeable
NuBBE_479 	Permeable
NuBBE_47 	Permeable
NuBBE_480 	Permeable
NuBBE_481 	Permeable
NuBBE_482 	Permeable
NuBBE_483 	Non-Permeable
NuBBE_484 	Permeable
NuBBE_488 	Permeable
NuBBE_48 	Permeable
NuBBE_490 	Permeable
NuBBE_491 	Permeable
NuBBE_492 	Permeable
NuBBE_493 	Non-Permeable
NuBBE_495 	Non-Permeable
NuBBE_496 	Non-Permeable
NuBBE_49 	Permeable
NuBBE_4 	Permeable
NuBBE_507 	Non-Permeable
NuBBE_508 	Non-Permeable
NuBBE_509 	Permeable
NuBBE_50 	Permeable
NuBBE_510 	Non-Permeable
NuBBE_511 	Non-Permeable
NuBBE_514 	Permeable
NuBBE_515 	Permeable
NuBBE_51 	Permeable
NuBBE_520 	Permeable
NuBBE_521 	Permeable
NuBBE_52 	Permeable
NuBBE_532 	Permeable
NuBBE_533 	Non-Permeable
NuBBE_534 	Non-Permeable
NuBBE_535 	Non-Permeable
NuBBE_536 	Permeable
NuBBE_537 	Non-Permeable
NuBBE_538 	Non-Permeable
NuBBE_539 	Permeable
NuBBE_53 	Permeable
NuBBE_540 	Non-Permeable
NuBBE_542 	Permeable
NuBBE_543 	Non-Permeable
NuBBE_544 	Non-Permeable
NuBBE_545 	Non-Permeable
NuBBE_546 	Non-Permeable
NuBBE_547 	Permeable
NuBBE_548 	Permeable
NuBBE_549 	Permeable
NuBBE_54 	Non-Permeable
NuBBE_550 	Permeable
NuBBE_551 	Permeable
NuBBE_552 	Permeable
NuBBE_553 	Permeable
NuBBE_554 	Non-Permeable
NuBBE_555 	Non-Permeable
NuBBE_556 	Non-Permeable
NuBBE_557 	Non-Permeable
NuBBE_558 	Non-Permeable
NuBBE_559 	Permeable
NuBBE_55 	Non-Permeable
NuBBE_560 	Permeable
NuBBE_561 	Permeable
NuBBE_562 	Non-Permeable
NuBBE_563 	Non-Permeable
NuBBE_564 	Non-Permeable
NuBBE_565 	Non-Permeable
NuBBE_566 	Non-Permeable
NuBBE_567 	Permeable
NuBBE_568 	Permeable
NuBBE_569 	Permeable
NuBBE_56 	Non-Permeable
NuBBE_570 	Permeable
NuBBE_571 	Permeable
NuBBE_572 	Permeable
NuBBE_573 	Permeable
NuBBE_574 	Permeable
NuBBE_575 	Permeable
NuBBE_576 	Permeable
NuBBE_577 	Permeable
NuBBE_578 	Permeable
NuBBE_579 	Permeable
NuBBE_57 	Permeable
NuBBE_580 	Permeable
NuBBE_581 	Permeable
NuBBE_582 	Permeable
NuBBE_583 	Permeable
NuBBE_584 	Permeable
NuBBE_585 	Permeable
NuBBE_586 	Permeable
NuBBE_587 	Permeable
NuBBE_588 	Permeable
NuBBE_589 	Permeable
NuBBE_58 	Permeable
NuBBE_590 	Permeable
NuBBE_591 	Permeable
NuBBE_592 	Permeable
NuBBE_593 	Non-Permeable
NuBBE_594 	Permeable
NuBBE_595 	Non-Permeable
NuBBE_596 	Permeable
NuBBE_597 	Permeable
NuBBE_598 	Permeable
NuBBE_599 	Permeable
NuBBE_59 	Permeable
NuBBE_5 	Non-Permeable
NuBBE_600 	Permeable
NuBBE_601 	Permeable
NuBBE_602 	Non-Permeable
NuBBE_603 	Non-Permeable
NuBBE_604 	Non-Permeable
NuBBE_605 	Permeable
NuBBE_606 	Permeable
NuBBE_607 	Permeable
NuBBE_608 	Permeable
NuBBE_609 	Permeable
NuBBE_60 	Permeable
NuBBE_610 	Permeable
NuBBE_611 	Non-Permeable
NuBBE_612 	Permeable
NuBBE_613 	Permeable
NuBBE_614 	Permeable
NuBBE_615 	Permeable
NuBBE_616 	Permeable
NuBBE_617 	Non-Permeable
NuBBE_61 	Permeable
NuBBE_621 	Non-Permeable
NuBBE_622 	Permeable
NuBBE_623 	Non-Permeable
NuBBE_624 	Non-Permeable
NuBBE_626 	Permeable
NuBBE_627 	Non-Permeable
NuBBE_628 	Non-Permeable
NuBBE_629 	Non-Permeable
NuBBE_62 	Non-Permeable
NuBBE_630 	Non-Permeable
NuBBE_631 	Non-Permeable
NuBBE_632 	Non-Permeable
NuBBE_633 	Non-Permeable
NuBBE_634 	Permeable
NuBBE_635 	Permeable
NuBBE_636 	Permeable
NuBBE_637 	Permeable
NuBBE_638 	Permeable
NuBBE_639 	Permeable
NuBBE_63 	Non-Permeable
NuBBE_640 	Permeable
NuBBE_641 	Permeable
NuBBE_642 	Permeable
NuBBE_643 	Non-Permeable
NuBBE_644 	Permeable
NuBBE_645 	Permeable
NuBBE_647 	Permeable
NuBBE_648 	Permeable
NuBBE_649 	Permeable
NuBBE_64 	Non-Permeable
NuBBE_650 	Permeable
NuBBE_651 	Permeable
NuBBE_653 	Permeable
NuBBE_654 	Permeable
NuBBE_655 	Non-Permeable
NuBBE_657 	Permeable
NuBBE_658 	Permeable
NuBBE_65 	Non-Permeable
NuBBE_661 	Permeable
NuBBE_662 	Permeable
NuBBE_663 	Permeable
NuBBE_664 	Permeable
NuBBE_665 	Non-Permeable
NuBBE_666 	Non-Permeable
NuBBE_667 	Permeable
NuBBE_668 	Permeable
NuBBE_669 	Permeable
NuBBE_670 	Permeable
NuBBE_671 	Permeable
NuBBE_672 	Permeable
NuBBE_673 	Non-Permeable
NuBBE_674 	Non-Permeable
NuBBE_675 	Permeable
NuBBE_676 	Permeable
NuBBE_677 	Permeable
NuBBE_678 	Permeable
NuBBE_679 	Permeable
NuBBE_67 	Non-Permeable
NuBBE_680 	Permeable
NuBBE_681 	Permeable
NuBBE_682 	Permeable
NuBBE_683 	Permeable
NuBBE_684 	Permeable
NuBBE_685 	Permeable
NuBBE_686 	Permeable
NuBBE_68 	Non-Permeable
NuBBE_69 	Permeable
NuBBE_6 	Non-Permeable
NuBBE_70 	Permeable
NuBBE_71 	Permeable
NuBBE_72 	Permeable
NuBBE_733 	Permeable
NuBBE_734 	Permeable
NuBBE_739 	Permeable
NuBBE_73 	Permeable
NuBBE_74 	Permeable
NuBBE_75 	Permeable
NuBBE_76 	Permeable
NuBBE_77 	Permeable
NuBBE_78 	Permeable
NuBBE_79 	Permeable
NuBBE_7 	Non-Permeable
NuBBE_80 	Permeable
NuBBE_81 	Permeable
NuBBE_827 	Permeable
NuBBE_828 	Permeable
NuBBE_829 	Permeable
NuBBE_82 	Permeable
NuBBE_830 	Permeable
NuBBE_833 	Non-Permeable
NuBBE_834 	Permeable
NuBBE_835 	Permeable
NuBBE_836 	Permeable
NuBBE_83 	Permeable
NuBBE_849 	Permeable
NuBBE_84 	Permeable
NuBBE_850 	Permeable
NuBBE_851 	Permeable
NuBBE_852 	Permeable
NuBBE_853 	Permeable
NuBBE_854 	Permeable
NuBBE_855 	Non-Permeable
NuBBE_856 	Permeable
NuBBE_857 	Permeable
NuBBE_858 	Permeable
NuBBE_859 	Permeable
NuBBE_85 	Permeable
NuBBE_860 	Permeable
NuBBE_863 	Permeable
NuBBE_865 	Non-Permeable
NuBBE_866 	Non-Permeable
NuBBE_867 	Non-Permeable
NuBBE_868 	Permeable
NuBBE_869 	Permeable
NuBBE_86 	Permeable
NuBBE_870 	Permeable
NuBBE_871 	Permeable
NuBBE_875 	Non-Permeable
NuBBE_876 	Non-Permeable
NuBBE_877 	Non-Permeable
NuBBE_878 	Permeable
NuBBE_87 	Non-Permeable
NuBBE_880 	Permeable
NuBBE_88 	Permeable
NuBBE_89 	Permeable
NuBBE_8 	Non-Permeable
NuBBE_906 	Non-Permeable
NuBBE_907 	Permeable
NuBBE_908 	Permeable
NuBBE_909 	Non-Permeable
NuBBE_910 	Permeable
NuBBE_911 	Permeable
NuBBE_912 	Permeable
NuBBE_913 	Non-Permeable
NuBBE_914 	Non-Permeable
NuBBE_924 	Permeable
NuBBE_925 	Permeable
NuBBE_926 	Permeable
NuBBE_927 	Non-Permeable
NuBBE_928 	Permeable
NuBBE_929 	Permeable
NuBBE_92 	Permeable
NuBBE_930 	Permeable
NuBBE_931 	Permeable
NuBBE_932 	Permeable
NuBBE_933 	Permeable
NuBBE_934 	Permeable
NuBBE_935 	Permeable
NuBBE_936 	Permeable
NuBBE_937 	Permeable
NuBBE_938 	Permeable
NuBBE_939 	Permeable
NuBBE_93 	Permeable
NuBBE_940 	Permeable
NuBBE_941 	Non-Permeable
NuBBE_942 	Permeable
NuBBE_943 	Non-Permeable
NuBBE_944 	Non-Permeable
NuBBE_945 	Permeable
NuBBE_946 	Permeable
NuBBE_947 	Non-Permeable
NuBBE_948 	Non-Permeable
NuBBE_949 	Permeable
NuBBE_94 	Permeable
NuBBE_950 	Permeable
NuBBE_951 	Permeable
NuBBE_952 	Permeable
NuBBE_953 	Non-Permeable
NuBBE_954 	Permeable
NuBBE_955 	Non-Permeable
NuBBE_956 	Permeable
NuBBE_957 	Permeable
NuBBE_958 	Permeable
NuBBE_959 	Permeable
NuBBE_95 	Non-Permeable
NuBBE_960 	Permeable
NuBBE_961 	Non-Permeable
NuBBE_962 	Permeable
NuBBE_963 	Permeable
NuBBE_964 	Permeable
NuBBE_965 	Permeable
NuBBE_966 	Permeable
NuBBE_967 	Permeable
NuBBE_968 	Permeable
NuBBE_969 	Permeable
NuBBE_96 	Non-Permeable
NuBBE_970 	Non-Permeable
NuBBE_971 	Permeable
NuBBE_972 	Permeable
NuBBE_973 	Permeable
NuBBE_974 	Permeable
NuBBE_975 	Permeable
NuBBE_976 	Permeable
NuBBE_977 	Permeable
NuBBE_978 	Permeable
NuBBE_979 	Non-Permeable
NuBBE_97 	Permeable
NuBBE_980 	Non-Permeable
NuBBE_981 	Permeable
NuBBE_982 	Permeable
NuBBE_983 	Permeable
NuBBE_984 	Non-Permeable
NuBBE_985 	Permeable
NuBBE_986 	Permeable
NuBBE_987 	Permeable
NuBBE_988 	Permeable
NuBBE_989 	Non-Permeable
NuBBE_98 	Permeable
NuBBE_990 	Permeable
NuBBE_991 	Permeable
NuBBE_992 	Permeable
NuBBE_993 	Permeable
NuBBE_994 	Permeable
NuBBE_995 	Permeable
NuBBE_996 	Permeable
NuBBE_997 	Permeable
NuBBE_998 	Permeable
NuBBE_999 	Permeable
NuBBE_99 	Non-Permeable
NuBBE_9 	Non-Permeable
